,Date Local,NO2 Mean
0,2007-01-01,3.458333
1,2007-01-02,4.291667
2,2007-01-03,1.347826
3,2007-01-04,0.083333
4,2007-01-05,0.791667
5,2007-01-06,0.26087
6,2007-01-07,0.0
7,2007-01-08,0.0
8,2007-01-09,2.583333
9,2007-01-10,0.916667
10,2007-01-11,0.041667
11,2007-01-12,3.052632
12,2007-01-13,3.458333
13,2007-01-14,8.208333
14,2007-01-15,8.470588000000001
15,2007-01-16,6.75
16,2007-01-17,3.666667
17,2007-01-18,4.173913
18,2007-01-19,6.0
19,2007-01-20,2.458333
20,2007-01-21,1.608696
21,2007-01-22,2.166667
22,2007-01-23,4.8333330000000005
23,2007-01-24,7.869565
24,2007-01-25,8.611111
25,2007-01-26,5.416667
26,2007-01-27,3.416667
27,2007-01-28,3.826087
28,2007-01-29,3.291667
29,2007-01-30,3.458333
30,2007-01-31,1.434783
31,2007-02-01,3.0
32,2007-02-02,0.125
33,2007-02-03,0.0
34,2007-02-04,0.0
35,2007-02-05,3.375
36,2007-02-06,1.782609
37,2007-02-07,3.75
38,2007-02-08,0.625
39,2007-02-09,0.7391300000000001
40,2007-02-10,1.0
41,2007-02-11,0.0
42,2007-02-12,0.0
43,2007-02-13,0.0
44,2007-02-14,0.083333
45,2007-02-15,0.0
46,2007-02-16,0.0
47,2007-02-17,0.791667
48,2007-02-18,1.043478
49,2007-02-19,0.0
50,2007-02-20,0.0
51,2007-02-21,0.565217
52,2007-02-22,1.333333
53,2007-02-23,0.0
54,2007-02-24,0.478261
55,2007-02-25,0.916667
56,2007-02-26,0.666667
57,2007-02-27,0.5217390000000001
58,2007-02-28,1.541667
59,2007-03-01,0.0
60,2007-03-02,0.782609
61,2007-03-03,2.041667
62,2007-03-04,0.833333
63,2007-03-05,2.173913
64,2007-03-06,2.875
65,2007-03-07,2.208333
66,2007-03-08,0.416667
67,2007-03-09,2.666667
68,2007-03-10,0.0
69,2007-03-11,2.625
70,2007-03-12,1.333333
71,2007-03-13,1.4285709999999998
72,2007-03-14,0.0
73,2007-03-15,0.0
74,2007-03-16,0.958333
75,2007-03-17,1.478261
76,2007-03-18,0.5
77,2007-03-19,0.541667
78,2007-03-20,0.565217
79,2007-03-21,0.0
80,2007-03-22,0.0
81,2007-03-23,1.478261
82,2007-03-24,0.0
83,2007-03-25,0.75
84,2007-03-26,0.173913
85,2007-03-27,0.0
86,2007-03-28,0.0
87,2007-03-29,0.0
88,2007-03-30,0.041667
89,2007-03-31,0.25
90,2007-04-01,0.0
91,2007-04-02,0.0
92,2007-04-03,0.375
93,2007-04-04,0.791667
94,2007-04-05,1.043478
95,2007-04-06,1.291667
96,2007-04-07,0.041667
97,2007-04-08,0.26087
98,2007-04-09,0.0
99,2007-04-10,0.0
100,2007-04-11,0.0
101,2007-04-12,0.916667
102,2007-04-13,0.041667
103,2007-04-14,1.347826
104,2007-04-15,0.833333
105,2007-04-16,0.083333
106,2007-04-17,1.173913
107,2007-04-18,0.0
108,2007-04-19,0.0
109,2007-04-20,0.0
110,2007-04-21,1.0
111,2007-04-22,0.166667
112,2007-04-23,0.0
113,2007-04-24,0.041667
114,2007-04-25,1.0
115,2007-04-26,0.608696
116,2007-04-27,1.208333
117,2007-04-28,0.791667
118,2007-04-29,0.565217
119,2007-04-30,0.375
120,2007-05-01,0.333333
121,2007-05-02,0.434783
122,2007-05-03,0.0
123,2007-05-04,0.5
124,2007-05-05,0.0
125,2007-05-06,0.0
126,2007-05-07,1.541667
127,2007-05-08,0.5217390000000001
128,2007-05-09,0.791667
129,2007-05-10,0.541667
130,2007-05-11,0.695652
131,2007-05-12,0.833333
132,2007-05-13,0.125
133,2007-05-14,0.217391
134,2007-05-15,0.166667
135,2007-05-16,0.666667
136,2007-05-17,0.347826
137,2007-05-18,0.041667
138,2007-05-19,0.333333
139,2007-05-20,0.041667
140,2007-05-21,0.208333
141,2007-05-22,0.0
142,2007-05-23,0.416667
143,2007-05-24,1.130435
144,2007-05-25,0.666667
145,2007-05-26,0.541667
146,2007-05-27,0.043478
147,2007-05-28,0.0
148,2007-05-29,0.227273
149,2007-05-30,1.7
150,2007-05-31,2.4347830000000004
151,2007-06-01,3.041667
152,2007-06-02,2.166667
153,2007-06-03,3.583333
154,2007-06-04,1.521739
155,2007-06-05,1.047619
156,2007-06-06,0.666667
157,2007-06-07,0.217391
158,2007-06-08,1.75
159,2007-06-09,2.5
160,2007-06-10,1.695652
161,2007-06-11,1.0
162,2007-06-12,1.708333
163,2007-06-13,1.869565
164,2007-06-14,2.708333
165,2007-06-15,2.458333
166,2007-06-16,2.695652
167,2007-06-17,1.0
168,2007-06-18,0.791667
169,2007-06-19,2.086957
170,2007-06-20,1.75
171,2007-06-21,2.041667
172,2007-06-22,2.391304
173,2007-06-23,2.375
174,2007-06-24,2.625
175,2007-06-25,1.130435
176,2007-06-26,1.75
177,2007-06-27,2.291667
178,2007-06-28,3.0
179,2007-06-29,2.625
180,2007-06-30,3.041667
181,2007-07-01,2.73913
182,2007-07-02,2.75
183,2007-07-03,2.291667
184,2007-07-04,2.608696
185,2007-07-05,2.583333
186,2007-07-06,3.333333
187,2007-07-07,2.695652
188,2007-07-08,3.458333
189,2007-07-09,3.625
190,2007-07-10,2.391304
191,2007-07-11,2.916667
192,2007-07-12,2.791667
193,2007-07-13,1.458333
194,2007-07-14,1.75
195,2007-07-15,2.958333
196,2007-07-16,4.217391
197,2007-07-17,3.333333
198,2007-07-18,3.0
199,2007-07-19,3.130435
200,2007-07-20,2.875
201,2007-07-21,3.25
202,2007-07-22,2.73913
203,2007-07-23,3.833333
204,2007-07-24,4.041667
205,2007-07-25,5.1875
206,2007-07-26,3.416667
207,2007-07-27,1.75
208,2007-07-28,2.130435
209,2007-07-29,2.666667
210,2007-07-30,1.083333
211,2007-07-31,2.086957
212,2007-08-01,2.625
213,2007-08-02,1.541667
214,2007-08-03,3.086957
215,2007-08-04,2.375
216,2007-08-05,0.833333
217,2007-08-06,1.086957
218,2007-08-07,1.157895
219,2007-08-08,2.25
220,2007-08-09,1.708333
221,2007-08-10,2.0
222,2007-08-11,1.666667
223,2007-08-12,1.521739
224,2007-08-13,1.666667
225,2007-08-14,1.708333
226,2007-08-15,2.291667
227,2007-08-16,2.130435
228,2007-08-17,2.208333
229,2007-08-18,1.208333
230,2007-08-19,0.583333
231,2007-08-20,0.5
232,2007-08-21,0.565217
233,2007-08-22,0.434783
234,2007-08-23,2.75
235,2007-08-24,1.956522
236,2007-08-25,1.583333
237,2007-08-26,1.125
238,2007-08-27,0.956522
239,2007-08-28,1.333333
240,2007-08-29,1.791667
241,2007-08-30,1.347826
242,2007-08-31,1.875
243,2007-09-01,1.583333
244,2007-09-02,0.913043
245,2007-09-03,1.375
246,2007-09-04,0.75
247,2007-09-05,0.333333
248,2007-09-06,1.347826
249,2007-09-07,2.0
250,2007-09-08,2.708333
251,2007-09-09,1.434783
252,2007-09-10,0.833333
253,2007-09-11,1.958333
254,2007-09-12,2.086957
255,2007-09-13,1.857143
256,2007-09-14,1.291667
257,2007-09-15,1.5
258,2007-09-16,1.916667
259,2007-09-17,1.391304
260,2007-09-18,1.041667
261,2007-09-19,1.791667
262,2007-09-20,1.565217
263,2007-09-21,1.333333
264,2007-09-22,1.25
265,2007-09-23,0.0
266,2007-09-24,0.0
267,2007-09-25,1.791667
268,2007-09-26,3.521739
269,2007-09-27,2.708333
270,2007-09-28,1.625
271,2007-09-29,0.086957
272,2007-09-30,1.833333
273,2007-10-01,1.291667
274,2007-10-02,0.608696
275,2007-10-03,0.166667
276,2007-10-04,0.458333
277,2007-10-05,0.190476
278,2007-10-06,0.0
279,2007-10-07,0.041667
280,2007-10-08,1.869565
281,2007-10-09,1.708333
282,2007-10-10,1.416667
283,2007-10-11,0.5
284,2007-10-12,2.565217
285,2007-10-13,1.541667
286,2007-10-14,4.5833330000000005
287,2007-10-15,3.565217
288,2007-10-16,2.208333
289,2007-10-17,0.0
290,2007-10-18,0.391304
291,2007-10-19,0.083333
292,2007-10-20,0.0
293,2007-10-21,0.478261
294,2007-10-22,1.708333
295,2007-10-23,4.291667
296,2007-10-24,3.3043480000000005
297,2007-10-25,2.125
298,2007-10-26,1.708333
299,2007-10-27,3.0
300,2007-10-28,2.791667
301,2007-10-29,1.625
302,2007-10-30,0.130435
303,2007-10-31,0.916667
304,2007-11-01,4.3333330000000005
305,2007-11-02,3.130435
306,2007-11-03,2.958333
307,2007-11-08,3.521739
308,2007-11-09,2.333333
309,2007-11-10,2.625
310,2007-11-11,2.913043
311,2007-11-12,2.791667
312,2007-11-13,1.625
313,2007-11-14,1.6521740000000005
314,2007-11-15,5.75
315,2007-11-16,2.75
316,2007-11-17,1.6521740000000005
317,2007-11-18,1.875
318,2007-11-19,1.458333
319,2007-11-20,1.0
320,2007-11-21,3.25
321,2007-11-22,4.5833330000000005
322,2007-11-23,2.652174
323,2007-11-24,4.3333330000000005
324,2007-11-25,3.666667
325,2007-11-26,2.73913
326,2007-11-27,1.958333
327,2007-11-28,1.956522
328,2007-11-29,1.826087
329,2007-11-30,2.875
330,2007-12-01,2.041667
331,2007-12-02,1.826087
332,2007-12-03,3.466667
333,2007-12-04,2.73913
334,2007-12-05,0.565217
335,2007-12-06,1.208333
336,2007-12-07,2.045455
337,2007-12-08,3.4782610000000003
338,2007-12-09,4.416667
339,2007-12-10,3.958333
340,2007-12-11,3.608696
341,2007-12-12,7.0
342,2007-12-13,4.3333330000000005
343,2007-12-14,4.565217
344,2007-12-15,4.7083330000000005
345,2007-12-16,4.3333330000000005
346,2007-12-17,3.391304
347,2007-12-18,3.333333
348,2007-12-19,2.0
349,2007-12-20,0.695652
350,2007-12-21,0.083333
351,2007-12-22,3.0
352,2007-12-23,1.347826
353,2007-12-24,0.583333
354,2007-12-25,0.291667
355,2007-12-26,2.173913
356,2007-12-27,4.25
357,2007-12-28,3.75
358,2007-12-29,1.913043
359,2007-12-30,0.375
360,2007-12-31,0.75
361,2008-01-01,4.26087
362,2008-01-02,8.416667
363,2008-01-03,9.208333
364,2008-01-04,1.416667
365,2008-01-05,2.166667
366,2008-01-06,2.4347830000000004
367,2008-01-07,6.25
368,2008-01-08,2.5
369,2008-01-09,0.565217
370,2008-01-10,1.041667
371,2008-01-11,0.666667
372,2008-01-12,1.391304
373,2008-01-13,1.833333
374,2008-01-14,8.0
375,2008-01-15,2.391304
376,2008-01-16,2.583333
377,2008-01-17,1.75
378,2008-01-18,3.391304
379,2008-01-19,2.25
380,2008-01-20,2.25
381,2008-01-21,5.73913
382,2008-01-22,9.875
383,2008-01-23,8.291667
384,2008-01-24,9.652174
385,2008-01-25,4.416667
386,2008-01-26,3.458333
387,2008-01-27,2.217391
388,2008-01-28,0.291667
389,2008-01-29,0.666667
390,2008-01-30,0.434783
391,2008-01-31,0.958333
392,2008-02-01,1.041667
393,2008-02-02,5.695652
394,2008-02-03,1.875
395,2008-02-04,0.958333
396,2008-02-05,5.173913
397,2008-02-06,2.166667
398,2008-02-07,0.833333
399,2008-02-08,0.434783
400,2008-02-09,0.458333
401,2008-02-10,3.25
402,2008-02-11,1.086957
403,2008-02-12,2.208333
404,2008-02-13,1.666667
405,2008-02-14,1.217391
406,2008-02-15,7.875
407,2008-02-16,4.416667
408,2008-02-17,1.565217
409,2008-02-18,4.291667
410,2008-02-19,7.75
411,2008-02-20,8.173913
412,2008-02-21,5.2083330000000005
413,2008-02-22,7.416666999999999
414,2008-02-23,5.521739
415,2008-02-24,2.291667
416,2008-02-25,0.833333
417,2008-02-26,2.826087
418,2008-02-27,5.95
419,2008-02-28,3.875
420,2008-02-29,9.75
421,2008-03-01,2.75
422,2008-03-02,0.708333
423,2008-03-03,5.217391
424,2008-03-04,1.791667
425,2008-03-05,3.75
426,2008-03-06,2.913043
427,2008-03-07,5.5833330000000005
428,2008-03-08,2.291667
429,2008-03-09,5.26087
430,2008-03-10,8.416667
431,2008-03-11,5.571429
432,2008-03-12,1.130435
433,2008-03-13,1.5
434,2008-03-14,0.791667
435,2008-03-15,2.695652
436,2008-03-16,1.0
437,2008-03-17,1.625
438,2008-03-18,1.391304
439,2008-03-19,1.583333
440,2008-03-20,0.75
441,2008-03-21,1.043478
442,2008-03-22,2.416667
443,2008-03-23,5.0
444,2008-03-24,1.173913
445,2008-03-25,1.041667
446,2008-03-26,1.041667
447,2008-03-27,0.652174
448,2008-03-28,2.083333
449,2008-03-29,0.708333
450,2008-03-30,1.608696
451,2008-03-31,1.083333
452,2008-04-01,2.541667
453,2008-04-02,1.086957
454,2008-04-03,1.083333
455,2008-04-04,4.4583330000000005
456,2008-04-07,0.958333
457,2008-04-08,1.521739
458,2008-04-09,1.0
459,2008-04-10,0.916667
460,2008-04-11,1.0
461,2008-04-12,3.583333
462,2008-04-13,2.875
463,2008-04-14,2.416667
464,2008-04-15,0.0
465,2008-04-16,0.791667
466,2008-04-17,2.956522
467,2008-04-18,3.0
468,2008-04-19,0.833333
469,2008-04-20,0.173913
470,2008-04-21,0.291667
471,2008-04-22,2.041667
472,2008-04-23,1.0
473,2008-04-24,0.083333
474,2008-04-25,0.375
475,2008-04-26,0.0
476,2008-04-27,2.083333
477,2008-04-28,1.541667
478,2008-04-29,0.8260870000000001
479,2008-04-30,0.0
480,2008-05-01,0.0
481,2008-05-02,0.347826
482,2008-05-03,2.708333
483,2008-05-04,1.75
484,2008-05-05,0.652174
485,2008-05-06,1.125
486,2008-05-07,1.125
487,2008-05-08,0.347826
488,2008-05-12,0.0
489,2008-05-13,0.125
490,2008-05-14,0.25
491,2008-05-15,1.521739
492,2008-05-16,1.958333
493,2008-05-17,1.666667
494,2008-05-18,1.565217
495,2008-05-19,0.291667
496,2008-05-20,1.083333
497,2008-05-21,0.173913
498,2008-05-22,0.222222
499,2008-05-23,1.833333
500,2008-05-24,1.5
501,2008-05-25,2.130435
502,2008-05-26,1.416667
503,2008-05-27,1.541667
504,2008-05-28,0.913043
505,2008-05-29,0.666667
506,2008-05-30,1.75
507,2008-05-31,1.173913
508,2008-06-01,1.125
509,2008-06-02,1.166667
510,2008-06-03,1.391304
511,2008-06-04,0.5
512,2008-06-05,0.458333
513,2008-06-06,0.565217
514,2008-06-07,0.0
515,2008-06-08,0.041667
516,2008-06-09,1.7391299999999998
517,2008-06-10,0.291667
518,2008-06-11,0.0
519,2008-06-12,0.086957
520,2008-06-13,2.125
521,2008-06-14,1.708333
522,2008-06-15,1.347826
523,2008-06-16,1.375
524,2008-06-17,1.541667
525,2008-06-18,1.217391
526,2008-06-19,1.5
527,2008-06-20,1.458333
528,2008-06-21,1.869565
529,2008-06-22,1.333333
530,2008-06-23,1.083333
531,2008-06-24,1.434783
532,2008-06-25,2.75
533,2008-06-26,1.416667
534,2008-06-27,1.7391299999999998
535,2008-06-28,1.375
536,2008-06-29,2.333333
537,2008-06-30,1.6521740000000005
538,2008-07-01,1.541667
539,2008-07-02,1.666667
540,2008-07-03,2.608696
541,2008-07-04,1.625
542,2008-07-05,1.875
543,2008-07-06,1.695652
544,2008-07-07,2.625
545,2008-07-08,1.625
546,2008-07-09,2.291667
547,2008-07-10,2.0
548,2008-07-11,1.0
549,2008-07-12,1.083333
550,2008-07-13,2.0
551,2008-07-14,2.26087
552,2008-07-15,1.125
553,2008-07-16,3.916667
554,2008-07-17,2.391304
555,2008-07-18,1.666667
556,2008-07-19,1.625
557,2008-07-20,1.782609
558,2008-07-21,2.541667
559,2008-07-22,3.083333
560,2008-07-23,3.086957
561,2008-07-24,2.458333
562,2008-07-25,1.708333
563,2008-07-26,1.826087
564,2008-07-27,1.5
565,2008-07-28,1.458333
566,2008-07-29,1.521739
567,2008-07-30,1.291667
568,2008-07-31,2.375
569,2008-08-01,2.130435
570,2008-08-02,2.041667
571,2008-08-03,1.458333
572,2008-08-04,2.391304
573,2008-08-05,1.708333
574,2008-08-06,1.333333
575,2008-08-07,2.173913
576,2008-08-08,1.958333
577,2008-08-09,3.166667
578,2008-08-10,2.130435
579,2008-08-11,2.875
580,2008-08-12,1.541667
581,2008-08-13,1.608696
582,2008-08-14,2.208333
583,2008-08-15,1.125
584,2008-08-16,2.166667
585,2008-08-17,1.958333
586,2008-08-18,2.1875
587,2008-08-19,2.041667
588,2008-08-20,2.083333
589,2008-08-21,2.0
590,2008-08-22,1.478261
591,2008-08-23,1.583333
592,2008-08-24,2.458333
593,2008-08-25,2.130435
594,2008-08-26,1.458333
595,2008-08-27,2.125
596,2008-08-28,1.434783
597,2008-08-29,2.375
598,2008-08-30,1.916667
599,2008-08-31,1.294118
600,2008-09-01,1.291667
601,2008-09-02,1.75
602,2008-09-03,2.652174
603,2008-09-04,2.125
604,2008-09-05,2.166667
605,2008-09-06,1.565217
606,2008-09-07,2.208333
607,2008-09-08,2.708333
608,2008-09-09,2.4782610000000003
609,2008-09-10,2.375
610,2008-09-11,1.791667
611,2008-09-12,2.304348
612,2008-09-13,2.666667
613,2008-09-14,3.5
614,2008-09-15,2.304348
615,2008-09-16,2.208333
616,2008-09-17,2.291667
617,2008-09-18,2.619048
618,2008-09-19,2.625
619,2008-09-20,2.166667
620,2008-09-21,1.956522
621,2008-09-22,1.208333
622,2008-09-23,3.041667
623,2008-09-24,3.0
624,2008-09-25,3.25
625,2008-09-26,3.458333
626,2008-09-27,3.3043480000000005
627,2008-09-28,3.083333
628,2008-09-29,3.25
629,2008-09-30,3.217391
630,2008-10-01,2.833333
631,2008-10-02,3.791667
632,2008-10-03,3.3043480000000005
633,2008-10-04,1.916667
634,2008-10-05,1.541667
635,2008-10-06,1.869565
636,2008-10-07,3.125
637,2008-10-08,2.291667
638,2008-10-09,2.826087
639,2008-10-10,1.75
640,2008-10-11,2.375
641,2008-10-12,1.304348
642,2008-10-13,2.0
643,2008-10-14,4.916667
644,2008-10-15,3.391304
645,2008-10-16,3.0
646,2008-10-17,3.875
647,2008-10-18,3.3043480000000005
648,2008-10-19,3.166667
649,2008-10-20,2.75
650,2008-10-21,1.217391
651,2008-10-22,2.75
652,2008-10-23,4.8333330000000005
653,2008-10-24,3.73913
654,2008-10-25,1.833333
655,2008-10-26,2.25
656,2008-10-27,3.391304
657,2008-10-28,3.916667
658,2008-10-29,3.458333
659,2008-10-30,3.956522
660,2008-10-31,3.125
661,2008-11-01,2.833333
662,2008-11-02,1.869565
663,2008-11-03,1.833333
664,2008-11-04,1.416667
665,2008-11-05,1.0
666,2008-11-06,1.458333
667,2008-11-07,2.083333
668,2008-11-08,3.26087
669,2008-11-09,3.458333
670,2008-11-10,1.791667
671,2008-11-11,1.782609
672,2011-01-01,0.286957
673,2011-01-02,0.408696
674,2011-01-03,5.654545
675,2011-01-04,5.836364
676,2011-01-05,0.27826100000000004
677,2011-01-06,0.113043
678,2011-01-07,4.747826
679,2011-01-08,12.313043
680,2011-01-09,1.356522
681,2011-01-10,4.890909
682,2011-01-11,6.608696000000001
683,2011-01-12,8.790476
684,2011-01-13,4.609524
685,2011-01-14,0.5521739999999999
686,2011-01-15,0.36087
687,2011-01-16,2.669565
688,2011-01-17,0.240909
689,2011-01-18,0.777273
690,2011-01-19,2.847826
691,2011-01-20,2.108696
692,2011-01-21,0.765217
693,2011-01-22,0.286957
694,2011-01-23,0.395652
695,2011-01-24,0.7875
696,2011-01-25,2.4
697,2011-01-26,0.056522
698,2011-01-27,0.7722220000000001
699,2011-01-28,5.52
700,2011-01-29,5.165217
701,2011-01-30,10.704348
702,2011-01-31,2.368182
703,2011-02-01,1.334783
704,2011-02-02,4.491304
705,2011-02-03,1.230435
706,2011-02-04,1.617391
707,2011-02-05,0.808696
708,2011-02-06,1.273913
709,2011-02-07,6.5090910000000015
710,2011-02-08,1.569565
711,2011-02-09,5.7
712,2011-02-10,1.713043
713,2011-02-11,2.017391
714,2011-02-12,1.147826
715,2011-02-13,1.2391299999999998
716,2011-02-14,11.340909
717,2011-02-15,5.821739
718,2011-02-16,4.495652
719,2011-02-17,2.734783
720,2011-02-18,5.021739
721,2011-02-19,7.234783
722,2011-02-20,3.626087
723,2011-02-21,3.795455000000001
724,2011-02-22,7.578261
725,2011-02-23,2.613043
726,2011-02-24,3.3478260000000004
727,2011-02-25,10.2
728,2011-02-26,7.126086999999999
729,2011-02-27,2.03913
730,2011-02-28,3.8
731,2011-03-01,5.530435
732,2011-03-02,10.833333
733,2011-03-03,1.93913
734,2011-03-04,2.813043
735,2011-03-05,4.4565220000000005
736,2011-03-06,2.552174
737,2011-03-07,2.504545
738,2011-03-08,3.3
739,2011-03-09,1.478261
740,2011-03-10,2.195652
741,2011-03-11,2.347826
742,2011-03-12,9.573913
743,2011-03-13,2.182609
744,2011-03-14,5.063636
745,2011-03-15,5.847826
746,2011-03-16,8.8
747,2011-03-17,1.613043
748,2011-03-18,5.143478
749,2011-03-19,7.652174
750,2011-03-20,2.969565
751,2011-03-21,7.872727
752,2011-03-22,1.378261
753,2011-03-23,1.3434780000000002
754,2011-03-24,2.83913
755,2011-03-25,4.513043
756,2011-03-26,2.408696
757,2011-03-27,3.082609
758,2011-03-28,3.538889
759,2011-03-29,3.161111
760,2011-03-30,1.2
761,2011-03-31,0.51875
762,2011-04-01,1.7391299999999998
763,2011-04-02,6.321739
764,2011-04-03,0.96087
765,2011-04-04,0.5
766,2011-04-05,0.973913
767,2011-04-06,3.2
768,2011-04-07,2.956522
769,2011-04-08,4.626087
770,2011-04-09,1.891304
771,2011-04-10,0.565217
772,2011-04-11,2.681818
773,2011-04-12,2.13913
774,2011-04-13,1.190909
775,2011-04-14,1.430435
776,2011-04-15,0.765217
777,2011-04-16,1.965217
778,2011-04-17,1.230435
779,2011-04-18,2.863636
780,2011-04-19,1.8
781,2011-04-20,2.208696
782,2011-04-21,4.013043
783,2011-04-22,0.382609
784,2011-04-23,1.795652
785,2011-04-25,1.504545
786,2011-04-26,0.817391
787,2011-04-27,0.352174
788,2011-04-28,3.973913
789,2011-04-29,3.495652
790,2011-04-30,0.273913
791,2011-05-01,0.5782609999999999
792,2011-05-02,2.127273
793,2011-05-03,3.378261
794,2011-05-04,0.717391
795,2011-05-05,3.956522
796,2011-05-06,2.56087
797,2011-05-07,2.626087
798,2011-05-08,2.995652
799,2011-05-09,1.1545450000000002
800,2011-05-10,1.468421
801,2011-05-11,1.473913
802,2011-05-12,0.8565219999999999
803,2011-05-13,0.808696
804,2011-05-14,0.534783
805,2011-05-15,1.173913
806,2011-05-16,1.531818
807,2011-05-17,2.321739
808,2011-05-18,3.4
809,2011-05-19,0.956522
810,2011-05-20,2.741667
811,2011-05-21,0.904348
812,2011-05-22,0.8125
813,2011-05-23,5.235
814,2011-05-24,4.45
815,2011-05-25,1.234783
816,2011-05-26,1.7791669999999995
817,2011-05-27,0.691304
818,2011-05-28,1.883333
819,2011-05-29,1.43913
820,2011-05-30,0.304348
821,2011-05-31,0.908696
822,2011-06-01,7.108333
823,2011-06-02,6.347826
824,2011-06-03,1.070833
825,2011-06-04,2.482609
826,2011-06-05,3.95
827,2011-06-06,5.086364
828,2011-06-07,0.841667
829,2011-06-08,1.186957
830,2011-06-09,2.370833
831,2011-06-10,2.16087
832,2011-06-13,1.3
833,2011-06-14,0.804348
834,2011-06-15,2.3125
835,2011-06-16,1.856522
836,2011-06-17,2.041667
837,2011-06-18,4.478261
838,2011-06-19,2.670833
839,2011-06-20,0.757143
840,2011-06-21,0.915
841,2011-06-22,2.556522
842,2011-06-23,6.65
843,2011-06-24,3.995652
844,2011-06-25,4.541667
845,2011-06-26,2.073913
846,2011-06-27,1.7347830000000002
847,2011-06-28,4.813043
848,2011-06-29,4.283333
849,2011-06-30,6.366667
850,2011-07-01,2.3208330000000004
851,2011-07-02,4.004167
852,2011-07-03,5.175
853,2011-07-04,2.143478
854,2011-07-05,3.958333
855,2011-07-06,4.775
856,2011-07-07,4.3
857,2011-07-08,2.8875
858,2011-07-09,4.025
859,2011-07-10,3.8375
860,2011-07-11,4.66087
861,2011-07-12,2.775
862,2011-07-13,5.378947
863,2011-07-14,5.7
864,2011-07-15,5.508333
865,2011-07-16,5.366667
866,2011-07-17,5.304167
867,2011-07-18,3.4260870000000003
868,2011-07-19,3.254167
869,2011-07-20,2.2
870,2011-07-21,6.9375
871,2011-07-22,4.4875
872,2011-07-23,2.529167
873,2011-07-24,6.695833
874,2011-07-25,8.127272999999999
875,2011-07-26,4.445833
876,2011-07-27,3.866667
877,2011-07-28,2.091667
878,2011-07-29,5.004348
879,2011-07-30,3.129167
880,2011-07-31,5.120833
881,2011-08-01,2.573913
882,2011-08-02,2.591667
883,2011-08-03,6.558333
884,2011-08-04,2.916667
885,2011-08-05,5.625
886,2011-08-06,2.1583330000000003
887,2011-08-07,4.0125
888,2011-08-08,1.921739
889,2011-08-09,5.0625
890,2011-08-10,2.554167
891,2011-08-11,2.95
892,2011-08-12,1.891667
893,2011-08-16,2.3125
894,2011-08-17,5.541667
895,2011-08-18,2.754167
896,2011-08-19,3.520833
897,2011-08-20,3.5083330000000004
898,2011-08-21,5.154167
899,2011-08-22,4.469565
900,2011-08-23,2.166667
901,2011-08-24,2.891667
902,2011-08-25,5.4375
903,2011-08-26,7.782775
904,2011-08-27,5.027536
905,2011-08-28,2.7145835
906,2011-08-29,3.7580880000000008
907,2011-08-30,4.5740035
908,2011-08-31,4.2270835
909,2011-09-01,3.4250000000000003
910,2011-09-02,3.262228499999999
911,2011-09-03,2.7250003333333335
912,2011-09-04,2.929167
913,2011-09-05,3.317391
914,2011-09-06,3.3
915,2011-09-07,5.933333
916,2011-09-08,5.342857
917,2011-09-09,3.6125
918,2011-09-10,4.7625
919,2011-09-11,3.2583330000000004
920,2011-09-12,1.308696
921,2011-09-13,2.521429
922,2011-09-14,1.66
923,2011-09-15,3.495833
924,2011-09-16,6.275
925,2011-09-17,2.4125
926,2011-09-18,0.845833
927,2011-09-19,2.1565220000000003
928,2011-09-20,0.641667
929,2011-09-21,4.591667
930,2011-09-22,2.5875
931,2011-09-23,1.341667
932,2011-09-24,1.133333
933,2011-09-25,2.541667
934,2011-09-26,3.554348
935,2011-09-27,3.7020835
936,2011-09-28,3.4708335
937,2011-09-29,5.106884
938,2011-09-30,10.479166499999998
939,2011-10-01,5.168749999999999
940,2011-10-02,4.1216485
941,2011-10-03,3.3686595
942,2011-10-04,3.7895835
943,2011-10-05,2.6830619999999996
944,2011-10-06,2.7020835
945,2011-10-07,2.702083
946,2011-10-08,1.6108695000000002
947,2011-10-09,4.791667
948,2011-10-10,2.875
949,2011-10-11,1.2608700000000002
950,2011-10-12,1.791667
951,2011-10-13,3.375
952,2011-10-14,6.565217
953,2011-10-15,5.347826
954,2011-10-16,6.4583330000000005
955,2011-10-17,1.130435
956,2011-10-18,4.727273
957,2011-10-19,10.333333
958,2011-10-20,2.782609
959,2011-10-21,7.291666999999999
960,2011-10-22,2.375
961,2011-10-23,4.73913
962,2011-10-24,8.875
963,2011-10-25,2.5083335
964,2011-10-26,3.2155704999999997
965,2011-10-27,3.1791665
966,2011-10-28,8.735416999999998
967,2011-10-29,2.771467499999999
968,2011-10-30,3.6791665
969,2011-10-31,3.53913
970,2011-11-01,2.519565
971,2011-11-02,5.737499999999999
972,2011-11-03,14.087499999999999
973,2011-11-04,11.030615999999998
974,2011-11-05,4.710416500000002
975,2011-11-06,3.025
976,2011-11-07,5.721739499999999
977,2011-11-08,2.7229170000000003
978,2011-11-09,5.3342105
979,2011-11-10,5.2708335
980,2011-11-11,6.1458335
981,2011-11-12,2.5041665
982,2011-11-13,1.8661230000000002
983,2011-11-14,0.9043479999999999
984,2011-11-15,0.9094294999999999
985,2011-11-16,5.384511
986,2011-11-17,7.7104165
987,2011-11-18,2.715308
988,2011-11-19,3.9373185
989,2011-11-20,9.545832999999998
990,2011-11-21,11.876268500000002
991,2011-11-22,7.586684999999999
992,2011-11-23,9.0458335
993,2011-11-24,11.2708335
994,2011-11-25,2.990761
995,2011-11-26,2.91875
996,2011-11-27,2.75
997,2011-11-28,4.9565215
998,2011-11-29,8.464583000000001
999,2011-11-30,4.54221
1000,2011-12-01,4.188134
1001,2011-12-02,9.179167000000001
1002,2011-12-03,4.2
1003,2011-12-04,2.1690215000000004
1004,2011-12-05,6.785611
1005,2011-12-06,1.71875
1006,2011-12-07,4.81721
1007,2011-12-08,7.270833499999998
1008,2011-12-09,5.093750000000001
1009,2011-12-10,10.823188
1010,2011-12-11,14.941666499999998
1011,2011-12-12,14.623007500000002
1012,2011-12-13,12.239674
1013,2011-12-14,4.386111
1014,2011-12-15,14.341666499999999
1015,2011-12-16,9.0858695
1016,2011-12-17,11.977082999999999
1017,2011-12-18,9.4229165
1018,2011-12-19,7.193478499999999
1019,2011-12-20,8.273465000000002
1020,2011-12-21,2.3854165
1021,2011-12-22,7.55625
1022,2011-12-23,3.4083335
1023,2011-12-24,4.4375
1024,2011-12-25,7.225815000000002
1025,2011-12-26,5.035688
1026,2011-12-27,7.260417
1027,2011-12-28,2.494203
1028,2011-12-29,1.41875
1029,2011-12-30,3.247917
1030,2011-12-31,1.658605
1031,2012-01-01,7.454167000000002
1032,2012-01-02,10.3197465
1033,2012-01-03,5.550634
1034,2012-01-04,5.7833334999999995
1035,2012-01-05,2.9125
1036,2012-01-06,5.775
1037,2012-01-07,8.031250000000002
1038,2012-01-08,2.7125
1039,2012-01-09,2.3326089999999997
1040,2012-01-10,2.616667
1041,2012-01-11,1.2770835
1042,2012-01-12,2.1905635
1043,2012-01-13,1.4625
1044,2012-01-14,3.6062499999999997
1045,2012-01-15,7.870923999999999
1046,2012-01-16,3.2969205
1047,2012-01-17,3.2291665
1048,2012-01-18,1.233333
1049,2012-01-19,1.3041665
1050,2012-01-20,2.0645835
1051,2012-01-21,7.967028999999999
1052,2012-01-22,1.1312499999999999
1053,2012-01-23,7.789130500000001
1054,2012-01-24,4.55
1055,2012-01-25,3.1979165
1056,2012-01-26,2.5833335
1057,2012-01-27,1.5672099999999998
1058,2012-01-28,1.9
1059,2012-01-29,5.25
1060,2012-01-30,4.039130500000001
1061,2012-01-31,4.979167
1062,2012-02-01,7.2020835000000005
1063,2012-02-02,3.2799815
1064,2012-02-03,3.589583
1065,2012-02-04,4.8958330000000005
1066,2012-02-05,13.373913
1067,2012-02-06,10.961231499999998
1068,2012-02-07,5.85
1069,2012-02-08,9.200905500000001
1070,2012-02-09,1.625
1071,2012-02-10,2.66875
1072,2012-02-11,5.863587
1073,2012-02-12,10.939582999999997
1074,2012-02-13,2.6427535
1075,2012-02-14,4.904710000000001
1076,2012-02-15,5.354167
1077,2012-02-16,3.9854165
1078,2012-02-17,2.6730075
1079,2012-02-18,7.725000000000001
1080,2012-02-19,4.8104165000000005
1081,2012-02-20,1.1043479999999999
1082,2012-02-21,1.1083335
1083,2012-02-22,0.6583335
1084,2012-02-23,0.9133150000000001
1085,2012-02-24,2.8625
1086,2012-02-25,5.31875
1087,2012-02-26,1.2107789999999998
1088,2012-02-27,5.621739
1089,2012-02-28,3.2633930000000007
1090,2012-02-29,2.8423009999999995
1091,2012-03-01,1.7854165
1092,2012-03-02,1.133333
1093,2012-03-03,0.375815
1094,2012-03-04,1.1687500000000002
1095,2012-03-05,3.139855
1096,2012-03-06,4.121739
1097,2012-03-07,1.7610295
1098,2012-03-08,2.90625
1099,2012-03-09,6.436866000000001
1100,2012-03-10,4.452083
1101,2012-03-11,5.237500000000001
1102,2012-03-12,3.8130435
1103,2012-03-13,4.487500000000001
1104,2012-03-14,3.3104164999999997
1105,2012-03-15,4.078882
1106,2012-03-16,4.658333000000001
1107,2012-03-17,5.137500000000001
1108,2012-03-18,1.391304
1109,2012-03-19,0.9244565
1110,2012-03-20,1.7875000000000003
1111,2012-03-21,1.6421195
1112,2012-03-22,5.1291665
1113,2012-03-23,5.9208335000000005
1114,2012-03-24,4.0604165000000005
1115,2012-03-25,5.141666500000001
1116,2012-03-26,3.74221
1117,2012-03-27,3.0762685000000003
1118,2012-03-28,6.45
1119,2012-03-29,1.4666665
1120,2012-03-30,2.3527175
1121,2012-03-31,3.5083335
1122,2012-04-01,2.0979164999999997
1123,2012-04-02,0.791304
1124,2012-04-03,1.5416670000000001
1125,2012-04-04,5.15
1126,2012-04-05,5.917934999999999
1127,2012-04-06,1.679167
1128,2012-04-07,2.0020835
1129,2012-04-08,4.836412999999999
1130,2012-04-09,4.049818500000001
1131,2012-04-10,4.133333
1132,2012-04-11,2.5045895
1133,2012-04-12,1.8166664999999997
1134,2012-04-13,1.4708335
1135,2012-04-14,2.123098
1136,2012-04-15,0.86875
1137,2012-04-16,1.4509055
1138,2012-04-17,2.3823369999999997
1139,2012-04-18,3.2291665
1140,2012-04-19,1.0208335
1141,2012-04-20,1.1493659999999999
1142,2012-04-21,0.8999999999999999
1143,2012-04-22,4.9583330000000005
1144,2012-04-23,3.3913045000000004
1145,2012-04-24,2.946377
1146,2012-04-25,2.764583
1147,2012-04-26,3.095199000000001
1148,2012-04-27,0.5291665
1149,2012-04-28,0.552083
1150,2012-04-29,2.4473730000000002
1151,2012-04-30,3.3516304999999997
1152,2012-05-01,1.2956440000000002
1153,2012-05-02,2.5180555000000004
1154,2012-05-03,3.8609845
1155,2012-05-04,1.7583335
1156,2012-05-05,1.9380434999999998
1157,2012-05-06,2.4604165
1158,2012-05-07,2.480435
1159,2012-05-08,2.6017210000000004
1160,2012-05-09,6.500000000000002
1161,2012-05-10,3.2166665
1162,2012-05-11,2.9611415
1163,2012-05-12,4.956250000000001
1164,2012-05-13,3.0083335
1165,2012-05-14,4.541304500000001
1166,2012-05-15,2.7833335
1167,2012-05-16,3.7895835
1168,2012-05-17,3.2483695
1169,2012-05-18,1.8145835
1170,2012-05-19,1.3645835000000002
1171,2012-05-20,4.5141305
1172,2012-05-21,4.488405500000001
1173,2012-05-22,4.011607
1174,2012-05-23,1.20471
1175,2012-05-24,0.766667
1176,2012-05-25,1.8604165
1177,2012-05-26,1.833605
1178,2012-05-27,0.83125
1179,2012-05-28,0.4815215
1180,2012-05-29,2.854025
1181,2012-05-30,2.1304825
1182,2012-05-31,1.164803
1183,2012-06-01,1.8218135
1184,2012-06-02,4.414583
1185,2012-06-03,2.0895835000000003
1186,2012-06-04,2.993478500000001
1187,2012-06-05,0.8541670000000001
1188,2012-06-06,0.7749999999999999
1189,2012-06-07,1.817301
1190,2012-06-08,3.7354165000000004
1191,2012-06-09,2.2958335
1192,2012-06-10,0.6131340000000001
1193,2012-06-11,2.751087
1194,2012-06-12,3.8125
1195,2012-06-13,3.7417575000000003
1196,2012-06-14,1.75
1197,2012-06-15,3.232143
1198,2012-06-16,2.8261775
1199,2012-06-17,3.15625
1200,2012-06-18,2.0097825
1201,2012-06-19,1.1657609999999998
1202,2012-06-20,1.8479165
1203,2012-06-21,2.635417
1204,2012-06-22,4.736231500000001
1205,2012-06-23,4.7375
1206,2012-06-24,3.0041664999999997
1207,2012-06-25,5.128261
1208,2012-06-26,2.1999999999999997
1209,2012-06-27,4.55625
1210,2012-06-28,5.010326
1211,2012-06-29,4.9375
1212,2012-06-30,4.112500000000001
1213,2012-07-01,5.425634
1214,2012-07-02,4.138586999999999
1215,2012-07-03,4.2520834999999995
1216,2012-07-04,3.949638
1217,2012-07-05,3.2794119999999998
1218,2012-07-06,4.1509055
1219,2012-07-07,2.921739
1220,2012-07-08,2.60625
1221,2012-07-09,3.1405795
1222,2012-07-10,3.4644925
1223,2012-07-11,5.7755434999999995
1224,2012-07-12,4.893750000000001
1225,2012-07-13,3.7771740000000005
1226,2012-07-14,3.0400359999999997
1227,2012-07-15,2.6190214999999997
1228,2012-07-16,2.6369564999999997
1229,2012-07-17,2.91875
1230,2012-07-18,3.9619565
1231,2012-07-19,5.889130499999999
1232,2012-07-20,4.3833335
1233,2012-07-21,3.25625
1234,2012-07-22,2.4369565
1235,2012-07-23,2.915909
1236,2012-07-24,2.9434785
1237,2012-07-25,2.1800725
1238,2012-07-26,3.895471
1239,2012-07-27,4.2480075
1240,2012-07-28,3.6594204999999995
1241,2012-07-29,4.652083
1242,2012-07-30,3.6238634999999992
1243,2012-07-31,2.3565215000000004
1244,2012-08-01,2.297917
1245,2012-08-02,2.904167
1246,2012-08-03,2.4043475
1247,2012-08-04,2.775
1248,2012-08-05,4.8354165
1249,2012-08-06,2.3173915000000003
1250,2012-08-07,3.275
1251,2012-08-08,3.9536610000000003
1252,2012-08-09,3.3083335
1253,2012-08-10,5.008333
1254,2012-08-11,2.586775
1255,2012-08-12,3.7065214999999996
1256,2012-08-13,3.9461955
1257,2012-08-14,3.522917
1258,2012-08-15,2.9543479999999995
1259,2012-08-16,3.2371380000000003
1260,2012-08-17,3.6333335
1261,2012-08-18,2.6451990000000003
1262,2012-08-19,5.381703
1263,2012-08-20,2.6704545
1264,2012-08-21,3.296014500000001
1265,2012-08-22,3.85625
1266,2012-08-23,2.9375
1267,2012-08-24,4.4304345
1268,2012-08-25,3.4041665
1269,2012-08-26,4.0020834999999995
1270,2012-08-27,4.8966405
1271,2012-08-28,3.2716665
1272,2012-08-29,2.766667
1273,2012-08-30,4.960598000000001
1274,2012-08-31,3.3440215
1275,2012-09-01,3.901812
1276,2012-09-02,3.1098729999999994
1277,2012-09-03,3.331884
1278,2012-09-04,1.6378715
1279,2012-09-05,4.026086500000002
1280,2012-09-06,4.35
1281,2012-09-07,3.874185
1282,2012-09-08,4.2652175
1283,2012-09-09,6.468840499999999
1284,2012-09-10,2.8137685
1285,2012-09-11,1.9111594999999997
1286,2012-09-12,4.1691665
1287,2012-09-13,7.550833500000001
1288,2012-09-14,7.837120999999998
1289,2012-09-15,3.616667
1290,2012-09-16,1.581818
1291,2012-09-17,3.186364
1292,2012-09-18,3.025
1293,2012-09-19,3.5
1294,2012-09-20,5.982609
1295,2012-09-21,7.005685499999999
1296,2012-09-22,5.2125
1297,2012-09-23,6.2
1298,2012-09-24,2.6963635
1299,2012-09-25,3.026812
1300,2012-09-26,5.2112315
1301,2012-09-27,9.03125
1302,2012-09-28,5.8288045
1303,2012-09-29,5.8326085
1304,2012-09-30,3.252083
1305,2012-10-01,3.8237315
1306,2012-10-02,2.883333499999999
1307,2012-10-03,2.7974305
1308,2012-10-04,3.9416670000000003
1309,2012-10-05,2.6692935
1310,2012-10-06,4.4990945
1311,2012-10-07,4.8233695
1312,2012-10-08,2.9847824999999997
1313,2012-10-09,3.6625
1314,2012-10-10,8.642029
1315,2012-10-11,3.7869565
1316,2012-10-12,4.86875
1317,2012-10-13,1.1125
1318,2012-10-14,1.5652175
1319,2012-10-15,2.337879
1320,2012-10-16,1.710417
1321,2012-10-17,0.7844205000000002
1322,2012-10-18,1.1240945
1323,2012-10-19,2.1914855
1324,2012-10-20,4.4317935
1325,2012-10-21,4.40625
1326,2012-10-22,6.9910714999999986
1327,2012-10-23,3.4826085
1328,2012-10-24,1.6354170000000001
1329,2012-10-25,2.2645835
1330,2012-10-26,5.4359905
1331,2012-10-27,4.070652
1332,2012-10-28,2.6625
1333,2012-10-29,2.2847825000000004
1334,2012-10-30,3.3230075
1335,2012-10-31,5.6083004999999995
1336,2012-11-01,8.5894925
1337,2012-11-02,3.24375
1338,2012-11-03,5.8061595000000015
1339,2012-11-04,1.2478259999999999
1340,2012-11-05,1.8155795
1341,2012-11-06,4.358333
1342,2012-11-07,7.686956500000001
1343,2012-11-08,5.3699275
1344,2012-11-09,9.36875
1345,2012-11-10,3.4597825000000006
1346,2012-11-11,2.5085145
1347,2012-11-12,5.198484500000001
1348,2012-11-13,4.767300999999999
1349,2012-11-14,7.383333000000001
1350,2012-11-15,12.154529000000002
1351,2012-11-16,14.921739500000005
1352,2012-11-17,8.25625
1353,2012-11-18,4.5041665
1354,2012-11-19,5.812352000000001
1355,2012-11-20,8.386775000000002
1356,2012-11-21,6.229167
1357,2012-11-22,1.4725545000000002
1358,2012-11-23,5.748551000000001
1359,2012-11-24,2.301087
1360,2012-11-25,2.6134965
1361,2012-11-26,4.289855
1362,2012-11-27,6.978622999999999
1363,2012-11-28,12.582609000000001
1364,2012-11-29,5.4333335
1365,2012-11-30,10.429167000000001
1366,2012-12-01,3.0217389999999997
1367,2012-12-02,7.7264490000000015
1368,2012-12-03,1.465942
1369,2012-12-04,5.818659500000001
1370,2012-12-05,4.547645
1371,2012-12-06,2.6606625
1372,2012-12-07,2.832894499999999
1373,2012-12-08,1.9229170000000002
1374,2012-12-09,3.474275
1375,2012-12-10,1.4935770000000004
1376,2012-12-11,3.033333
1377,2012-12-12,6.7791665000000005
1378,2012-12-13,12.576087
1379,2012-12-14,8.430796999999998
1380,2012-12-15,2.647917
1381,2012-12-16,2.509058
1382,2012-12-17,1.1234845
1383,2012-12-18,1.4300725
1384,2012-12-19,1.7479165
1385,2012-12-20,5.1854165000000005
1386,2012-12-21,7.668116000000001
1387,2012-12-22,9.450000000000001
1388,2012-12-23,6.014583
1389,2012-12-24,5.245290000000001
1390,2012-12-25,3.4826085
1391,2012-12-26,9.5219205
1392,2012-12-27,2.1770835
1393,2012-12-28,1.4184785
1394,2012-12-29,13.217209999999998
1395,2012-12-30,12.028985500000001
1396,2012-12-31,15.110869500000002
1397,2013-01-01,1.958333
1398,2013-01-02,0.234783
1399,2013-01-03,0.5043479999999999
1400,2013-01-04,1.320833
1401,2013-01-05,4.9625
1402,2013-01-06,12.082609
1403,2013-01-07,9.75
1404,2013-01-08,0.604167
1405,2013-01-09,9.945833
1406,2013-01-10,27.121739
1407,2013-01-11,3.143478
1408,2013-01-12,1.858333
1409,2013-01-13,6.0125
1410,2013-01-14,10.081818
1411,2013-01-15,1.86087
1412,2013-01-16,0.654167
1413,2013-01-17,6.4583330000000005
1414,2013-01-18,0.821739
1415,2013-01-19,1.452174
1416,2013-01-20,5.629167
1417,2013-01-21,1.217391
1418,2013-01-22,0.852174
1419,2013-01-23,5.486957
1420,2013-01-24,2.870833
1421,2013-01-25,3.120833
1422,2013-01-26,7.882608999999999
1423,2013-01-27,9.578261
1424,2013-01-28,2.752174
1425,2013-01-29,0.675
1426,2013-01-30,0.3904760000000001
1427,2013-01-31,1.056522
1428,2013-02-01,1.4875
1429,2013-02-02,2.047368
1430,2013-02-03,5.3173910000000015
1431,2013-02-04,1.0
1432,2013-02-05,5.595833
1433,2013-02-06,0.883333
1434,2013-02-07,4.426087
1435,2013-02-08,9.36087
1436,2013-02-09,1.729167
1437,2013-02-10,0.204167
1438,2013-02-11,8.75
1439,2013-02-12,0.513043
1440,2013-02-13,0.2375
1441,2013-02-14,1.35
1442,2013-02-15,1.7652169999999998
1443,2013-02-16,0.643478
1444,2013-02-17,1.045833
1445,2013-02-18,0.317391
1446,2013-02-19,6.304348
1447,2013-02-20,2.721739
1448,2013-02-21,2.1125
1449,2013-02-22,2.308333
1450,2013-02-23,2.63913
1451,2013-02-24,0.391304
1452,2013-02-25,11.282609
1453,2013-02-26,1.240909
1454,2013-02-27,0.721739
1455,2013-02-28,0.5043479999999999
1456,2013-03-01,0.379167
1457,2013-03-02,0.870833
1458,2013-03-03,2.56087
1459,2013-03-04,0.190909
1460,2013-03-05,6.058333
1461,2013-03-06,14.366667
1462,2013-03-07,7.286667
1463,2013-03-08,6.541667
1464,2013-03-09,1.7041669999999998
1465,2013-03-10,0.1
1466,2013-03-11,0.955556
1467,2013-03-12,6.7913039999999985
1468,2013-03-13,3.245833
1469,2013-03-14,3.0875
1470,2013-03-15,2.726087
1471,2013-03-16,4.76087
1472,2013-03-17,4.429167
1473,2013-03-18,1.865217
1474,2013-03-19,3.330435
1475,2013-03-20,8.552174
1476,2013-03-21,2.683333
1477,2013-03-22,1.933333
1478,2013-03-23,2.482609
1479,2013-03-24,3.356522
1480,2013-03-25,4.969565
1481,2013-03-26,8.704167
1482,2013-03-27,7.526086999999999
1483,2013-03-28,5.026087
1484,2013-03-29,3.829167
1485,2013-03-30,2.9708330000000003
1486,2013-03-31,3.943478
1487,2013-04-01,4.554545
1488,2013-04-02,6.341667
1489,2013-04-03,7.591667
1490,2013-04-05,8.352381
1491,2013-04-06,2.2625
1492,2013-04-07,2.529167
1493,2013-04-08,5.97
1494,2013-04-09,1.973913
1495,2013-04-10,3.804167
1496,2013-04-11,5.7708330000000005
1497,2013-04-12,4.565217
1498,2013-04-13,6.491304
1499,2013-04-14,1.520833
1500,2013-04-15,2.026087
1501,2013-04-16,2.517391
1502,2013-04-17,2.191304
1503,2013-04-18,1.625
1504,2013-04-19,3.941667
1505,2013-04-20,6.4565220000000005
1506,2013-04-21,3.804348000000001
1507,2013-04-22,2.526087
1508,2013-04-23,3.079167
1509,2013-04-24,3.230435
1510,2013-04-25,5.804348
1511,2013-04-26,3.925
1512,2013-04-27,4.204167
1513,2013-04-28,2.965217
1514,2013-04-29,3.704545
1515,2013-04-30,3.152174
1516,2013-05-01,1.7791669999999995
1517,2013-05-02,5.365217
1518,2013-05-03,4.447826
1519,2013-05-04,8.175
1520,2013-05-05,4.483333
1521,2013-05-06,4.522727
1522,2013-05-07,3.06087
1523,2013-05-08,3.55
1524,2013-05-09,3.233333
1525,2013-05-10,2.808696
1526,2013-05-11,5.230435
1527,2013-05-12,4.225
1528,2013-05-13,4.356522
1529,2013-05-14,4.565217
1530,2013-05-15,4.352174
1531,2013-05-16,6.3958330000000005
1532,2013-05-17,6.4625
1533,2013-05-18,2.304348
1534,2013-05-19,1.982609
1535,2013-05-20,1.808696
1536,2013-05-21,1.7541669999999998
1537,2013-05-22,5.608696
1538,2013-05-23,2.986957
1539,2013-05-24,3.233333
1540,2013-05-25,4.508333
1541,2013-05-26,4.747058999999999
1542,2013-05-27,3.4772730000000003
1543,2013-05-28,3.025
1544,2013-05-29,2.9458330000000004
1545,2013-05-30,1.7333330000000002
1546,2013-05-31,1.6625
1547,2013-06-01,2.045833
1548,2013-06-02,5.658333
1549,2013-06-03,3.858333
1550,2013-06-04,2.191304
1551,2013-06-05,4.36
1552,2013-06-06,4.8173910000000015
1553,2013-06-07,5.505882
1554,2013-06-08,2.104348
1555,2013-06-09,5.0208330000000005
1556,2013-06-10,3.356522
1557,2013-06-11,3.221739
1558,2013-06-12,2.495652
1559,2013-06-13,4.241667
1560,2013-06-14,2.683333
1561,2013-06-15,2.830435
1562,2013-06-16,3.934783
1563,2013-06-17,3.0695650000000003
1564,2013-06-18,3.545833
1565,2013-06-19,3.41
1566,2013-06-20,1.7
1567,2013-06-21,3.058333
1568,2013-06-22,2.804167
1569,2013-06-23,2.330435
1570,2013-06-24,4.595455
1571,2013-06-25,1.708333
1572,2013-06-26,3.1875
1573,2013-06-27,2.243478
1574,2013-06-28,2.83913
1575,2013-06-29,2.7125
1576,2013-06-30,3.545833
1577,2013-07-01,4.518182
1578,2013-07-02,6.6869570000000005
1579,2013-07-03,3.775
1580,2013-07-04,2.241667
1581,2013-07-05,5.756522
1582,2013-07-06,3.5260870000000004
1583,2013-07-07,4.454167
1584,2013-07-08,4.621739
1585,2013-07-09,2.534783
1586,2013-07-10,4.482609
1587,2013-07-11,6.2708330000000005
1588,2013-07-12,4.820833
1589,2013-07-13,5.413043
1590,2013-07-14,3.691304
1591,2013-07-15,3.721739
1592,2013-07-16,4.0
1593,2013-07-17,3.121739
1594,2013-07-18,4.465217
1595,2013-07-19,4.3375
1596,2013-07-20,6.283333
1597,2013-07-21,6.665217
1598,2013-07-22,4.422727
1599,2013-07-23,4.216667
1600,2013-07-24,4.308333
1601,2013-07-25,3.952174
1602,2013-07-26,5.721739
1603,2013-07-27,4.5625
1604,2013-07-28,5.1875
1605,2013-07-29,3.777273
1606,2013-07-30,3.469565
1607,2013-07-31,3.65
1608,2013-08-01,5.441667
1609,2013-08-02,4.713043
1610,2013-08-03,4.830435
1611,2013-08-04,6.9875
1612,2013-08-05,5.7739129999999985
1613,2013-08-06,5.704348
1614,2013-08-07,5.021739
1615,2013-08-08,3.454167
1616,2013-08-09,5.108333
1617,2013-08-10,3.9
1618,2013-08-11,4.704348
1619,2013-08-12,5.1347830000000005
1620,2013-08-13,3.883333
1621,2013-08-14,4.5
1622,2013-08-15,4.5
1623,2013-08-16,4.6458330000000005
1624,2013-08-17,5.858333
1625,2013-08-18,5.521739
1626,2013-08-19,4.263636
1627,2013-08-20,4.604167
1628,2013-08-21,2.5875
1629,2013-08-22,5.156522
1630,2013-08-23,5.065217
1631,2013-08-24,4.325
1632,2013-08-25,2.8125
1633,2013-08-26,3.313636
1634,2013-08-27,3.63913
1635,2013-08-28,4.195455
1636,2013-08-29,3.641667
1637,2013-08-30,6.595652
1638,2013-08-31,4.517391
1639,2013-09-01,3.329167
1640,2013-09-02,5.343478
1641,2013-09-03,3.013043
1642,2013-09-04,3.895652
1643,2013-09-05,6.233333
1644,2013-09-06,3.458333
1645,2013-09-07,4.104348
1646,2013-09-08,2.491304
1647,2013-09-09,3.726087
1648,2013-09-10,4.166667
1649,2013-09-11,2.873913
1650,2013-09-12,2.176471
1651,2013-09-13,2.754167
1652,2013-09-14,4.978261
1653,2013-09-15,1.526087
1654,2013-09-16,4.031818
1655,2013-09-17,3.7875
1656,2013-09-18,4.3
1657,2013-09-19,2.693333
1658,2013-09-20,7.7
1659,2013-09-21,8.179167
1660,2013-09-22,3.908333
1661,2013-09-23,2.259091
1662,2013-09-24,4.530435
1663,2013-09-25,5.8958330000000005
1664,2013-09-26,2.6625
1665,2013-09-27,2.195652
1666,2013-09-28,2.169565
1667,2013-09-29,5.783333
1668,2013-09-30,5.791304
1669,2013-10-01,5.995652
1670,2013-10-02,3.373913
1671,2013-10-03,4.1625
1672,2013-10-04,1.516667
1673,2013-10-05,1.347826
1674,2013-10-06,2.652174
1675,2013-10-07,10.917391
1676,2013-10-08,5.738889
1677,2013-10-10,7.1869570000000005
1678,2013-10-11,1.995833
1679,2013-10-12,5.620833
1680,2013-10-13,6.269565
1681,2013-10-14,2.036364
1682,2013-10-15,1.7125
1683,2013-10-16,4.183333
1684,2013-10-17,2.75
1685,2013-10-18,2.413043
1686,2013-10-19,3.1958330000000004
1687,2013-10-20,1.9
1688,2013-10-21,2.418182
1689,2013-10-22,2.942857
1690,2013-10-23,2.975
1691,2013-10-24,12.25
1692,2013-10-25,4.178261
1693,2013-10-26,5.204348
1694,2013-10-27,4.5
1695,2013-10-28,2.447826
1696,2013-10-29,7.543477999999999
1697,2013-10-30,5.7
1698,2013-10-31,1.8
1699,2013-11-01,3.829167
1700,2013-11-02,11.33913
1701,2013-11-03,2.817391
1702,2013-11-04,3.034783
1703,2013-11-05,2.115789
1704,2013-11-06,2.147826
1705,2013-11-07,10.647826
1706,2013-11-08,5.6125
1707,2013-11-09,4.504167
1708,2013-11-10,5.373913
1709,2013-11-11,2.863636
1710,2013-11-12,8.241667
1711,2013-11-13,2.875
1712,2013-11-14,8.243478
1713,2013-11-15,4.778261
1714,2013-11-16,2.0875
1715,2013-11-17,3.166667
1716,2013-11-18,8.413636
1717,2013-11-19,3.321739
1718,2013-11-20,3.568421
1719,2013-11-21,1.933333
1720,2013-11-22,6.482609
1721,2013-11-23,8.678261000000001
1722,2013-11-24,7.058333
1723,2013-11-25,2.313043
1724,2013-11-26,3.652174
1725,2013-11-27,5.473913
1726,2013-11-28,9.658333
1727,2013-11-29,2.966667
1728,2013-11-30,1.713043
1729,2013-12-01,1.026087
1730,2013-12-02,1.1
1731,2013-12-03,2.645833
1732,2013-12-04,1.330435
1733,2013-12-05,10.552174
1734,2013-12-06,16.55
1735,2013-12-07,12.5625
1736,2013-12-08,5.756522
1737,2013-12-09,7.795455
1738,2013-12-10,1.125
1739,2013-12-11,4.175
1740,2013-12-12,6.847826
1741,2013-12-13,1.263636
1742,2013-12-18,3.542857
1743,2013-12-19,9.053333
1744,2013-12-20,5.06875
1745,2013-12-21,7.343478
1746,2013-12-22,1.2
1747,2013-12-23,4.96875
1748,2013-12-24,0.8391299999999999
1749,2013-12-25,2.991304
1750,2013-12-26,4.466667
1751,2013-12-27,4.008333
1752,2013-12-28,3.182609
1753,2013-12-29,2.765217
1754,2013-12-30,3.4260870000000003
1755,2013-12-31,1.004167
1756,2014-01-01,1.13913
1757,2014-01-02,7.226087
1758,2014-01-03,0.908333
1759,2014-01-04,2.9
1760,2014-01-05,1.082609
1761,2014-01-06,1.777273
1762,2014-01-07,2.391667
1763,2014-01-08,10.370833
1764,2014-01-09,3.117391
1765,2014-01-10,0.678261
1766,2014-01-11,1.9875
1767,2014-01-12,0.733333
1768,2014-01-13,0.704545
1769,2014-01-14,0.5
1770,2014-01-15,0.945833
1771,2014-01-16,0.7
1772,2014-01-17,0.930435
1773,2014-01-18,1.369565
1774,2014-01-19,0.483333
1775,2014-01-20,1.613043
1776,2014-01-21,0.8222219999999999
1777,2014-01-23,6.516667
1778,2014-01-24,0.716667
1779,2014-01-25,0.721739
1780,2014-01-26,0.773913
1781,2014-01-27,4.613043
1782,2014-01-28,2.583333
1783,2014-01-29,1.072222
1784,2014-01-30,1.021739
1785,2014-01-31,4.7
1786,2014-02-01,4.375
1787,2014-02-02,8.978261
1788,2014-02-03,6.086364
1789,2014-02-04,1.7458330000000002
1790,2014-02-05,11.529167
1791,2014-02-06,19.065217
1792,2014-02-07,12.521739
1793,2014-02-08,5.3958330000000005
1794,2014-02-09,6.658333
1795,2014-02-10,12.927273
1796,2014-02-11,3.882609
1797,2014-02-12,4.3125
1798,2014-02-13,1.0
1799,2014-02-14,2.917391
1800,2014-02-15,2.6
1801,2014-02-16,4.8125
1802,2014-02-17,1.0
1803,2014-02-18,1.582609
1804,2014-02-19,5.252174
1805,2014-02-20,0.345833
1806,2014-02-21,0.5625
1807,2014-02-22,1.552174
1808,2014-02-23,3.13913
1809,2014-02-24,3.182609
1810,2014-02-25,3.970833
1811,2014-02-26,10.768182
1812,2014-02-27,12.304348
1813,2014-02-28,2.420833
1814,2014-03-01,2.2
1815,2014-03-02,8.778261
1816,2014-03-03,5.077273
1817,2014-03-04,2.895833
1818,2014-03-05,6.4625
1819,2014-03-06,2.986957
1820,2014-03-07,1.356522
1821,2014-03-08,2.708333
1822,2014-03-09,1.2625
1823,2014-03-10,4.672727
1824,2014-03-11,0.626087
1825,2014-03-12,3.1375
1826,2014-03-13,6.610525999999999
1827,2014-03-14,3.965217
1828,2014-03-15,0.8565219999999999
1829,2014-03-16,1.458333
1830,2014-03-17,1.569565
1831,2014-03-18,0.7304350000000001
1832,2014-03-19,3.530435
1833,2014-03-20,2.366667
1834,2014-03-21,1.016667
1835,2014-03-22,1.769565
1836,2014-03-23,4.591304
1837,2014-03-24,0.713043
1838,2014-03-25,7.308333
1839,2014-03-26,7.7272729999999985
1840,2014-03-27,2.444444
1841,2014-03-28,1.958333
1842,2014-03-29,7.383333
1843,2014-03-30,7.375
1844,2014-03-31,1.225
1845,2014-04-01,2.719048
1846,2014-04-02,2.547619
1847,2014-04-03,1.8375
1848,2014-04-04,6.378261
1849,2014-04-05,3.4
1850,2014-04-06,1.458333
1851,2014-04-07,1.129167
1852,2014-04-08,1.3125
1853,2014-04-09,1.3125
1854,2014-04-10,3.16087
1855,2014-04-11,2.8347830000000003
1856,2014-04-16,1.522727
1857,2014-04-17,5.54
1858,2014-04-18,11.043478
1859,2014-04-19,3.225
1860,2014-04-20,2.733333
1861,2014-04-21,2.708333
1862,2014-04-22,12.918182
1863,2014-04-23,2.933333
1864,2014-04-24,2.031579
1865,2014-04-25,4.0956519999999985
1866,2014-04-26,2.733333
1867,2014-04-27,0.916667
1868,2014-04-28,0.704167
1869,2014-04-29,0.633333
1870,2014-04-30,0.616667
1871,2014-05-01,0.933333
1872,2014-05-02,2.386957
1873,2014-05-03,2.233333
1874,2014-05-04,2.083333
1875,2014-05-05,9.345833
1876,2014-05-06,2.808333
1877,2014-05-07,2.354167
1878,2014-05-08,2.229167
1879,2014-05-09,3.03913
1880,2014-05-10,2.075
1881,2014-05-11,0.913043
1882,2014-05-12,1.095833
1883,2014-05-13,1.1625
1884,2014-05-14,1.170833
1885,2014-05-15,2.866667
1886,2014-05-16,1.495652
1887,2014-05-17,3.125
1888,2014-05-18,4.8125
1889,2014-05-19,1.591667
1890,2014-05-20,2.545833
1891,2014-05-21,2.929167
1892,2014-05-22,3.2208330000000003
1893,2014-05-23,3.943478
1894,2014-05-24,4.325
1895,2014-05-25,1.929167
1896,2014-05-26,3.291667
1897,2014-05-27,1.636364
1898,2014-05-28,4.6375
1899,2014-05-29,5.8875
1900,2014-05-30,2.769565
1901,2014-05-31,5.304167
1902,2014-06-01,3.166667
1903,2014-06-02,4.225
1904,2014-06-03,4.2875
1905,2014-06-04,3.225
1906,2014-06-05,3.029167
1907,2014-06-06,3.3
1908,2014-06-07,2.4875
1909,2014-06-08,1.6833330000000002
1910,2014-06-09,1.7208330000000005
1911,2014-06-10,4.695833
1912,2014-06-11,1.995833
1913,2014-06-12,2.166667
1914,2014-06-13,3.852174
1915,2014-06-14,1.495833
1916,2014-06-15,2.558333
1917,2014-06-16,2.995833
1918,2014-06-17,3.9875
1919,2014-06-18,1.6625
1920,2014-06-19,2.2
1921,2014-06-20,4.743478
1922,2014-06-21,4.65
1923,2014-06-22,2.066667
1924,2014-06-23,4.584211
1925,2014-06-24,4.175
1926,2014-06-25,5.205556
1927,2014-06-26,4.094118
1928,2014-06-27,3.982353
1929,2014-06-28,1.756522
1930,2014-06-29,2.704545
1931,2014-06-30,2.177778
1932,2014-07-01,1.6541669999999995
1933,2014-07-02,2.6125
1934,2014-07-03,6.758333
1935,2014-07-04,3.482609
1936,2014-07-05,1.5375
1937,2014-07-06,1.3312499999999998
1938,2014-07-07,2.2
1939,2014-07-08,1.7583335
1940,2014-07-09,4.614583499999999
1941,2014-07-10,2.4270835
1942,2014-07-11,3.1759055000000007
1943,2014-07-12,2.9729165
1944,2014-07-13,2.0833335
1945,2014-07-14,2.1125
1946,2014-07-15,2.5041665
1947,2014-07-16,2.9041664999999997
1948,2014-07-17,2.5145835000000005
1949,2014-07-18,4.0906175000000005
1950,2014-07-19,3.0854165
1951,2014-07-20,1.9916665
1952,2014-07-21,2.1895834999999995
1953,2014-07-22,2.3166665
1954,2014-07-23,2.8729165
1955,2014-07-24,4.0958334999999995
1956,2014-07-25,3.0793479999999995
1957,2014-07-26,1.76875
1958,2014-07-27,2.2375
1959,2014-07-28,2.6479165
1960,2014-07-29,3.4666665
1961,2014-07-30,4.4565790000000005
1962,2014-07-31,4.3645835
1963,2014-08-01,3.95
1964,2014-08-02,3.0041664999999997
1965,2014-08-03,3.5583335000000003
1966,2014-08-04,4.1604165
1967,2014-08-05,3.741666500000001
1968,2014-08-06,3.8666665
1969,2014-08-07,2.75
1970,2014-08-08,3.4934784999999993
1971,2014-08-09,1.9625
1972,2014-08-10,2.4458335000000004
1973,2014-08-11,3.9104164999999997
1974,2014-08-12,1.35
1975,2014-08-13,1.705882
1976,2014-08-14,3.5354165
1977,2014-08-15,2.1358695000000005
1978,2014-08-16,2.6395835
1979,2014-08-17,1.6583335000000001
1980,2014-08-18,2.3568179999999996
1981,2014-08-19,3.2099999999999995
1982,2014-08-20,1.8375
1983,2014-08-21,2.25625
1984,2014-08-22,3.177174000000001
1985,2014-08-23,1.9791664999999998
1986,2014-08-24,1.6458335
1987,2014-08-25,2.7916665
1988,2014-08-26,3.74375
1989,2014-08-27,2.7479165
1990,2014-08-28,3.6458335000000006
1991,2014-08-29,3.305435
1992,2014-08-30,3.6770834999999993
1993,2014-08-31,1.4062500000000002
1994,2014-09-01,2.2583335
1995,2014-09-02,5.210795500000001
1996,2014-09-03,2.9604164999999996
1997,2014-09-04,1.454356
1998,2014-09-05,3.7239129999999996
1999,2014-09-06,3.7833334999999995
2000,2014-09-07,3.03125
2001,2014-09-08,2.3708335
2002,2014-09-09,2.1345235000000002
2003,2014-09-10,2.4
2004,2014-09-11,0.7625
2005,2014-09-12,5.295652
2006,2014-09-13,6.470833
2007,2014-09-14,2.7875
2008,2014-09-15,5.054167
2009,2014-09-16,2.7996749999999997
2010,2014-09-17,3.2811594999999993
2011,2014-09-18,2.4291665
2012,2014-09-19,2.240036
2013,2014-09-20,1.36875
2014,2014-09-21,1.8624999999999998
2015,2014-09-22,2.8869565
2016,2014-09-23,1.916667
2017,2014-09-24,1.5
2018,2014-09-25,1.541667
2019,2014-09-26,2.083333
2020,2014-09-27,1.166667
2021,2014-09-28,0.958333
2022,2014-09-29,1.913043
2023,2014-09-30,0.916667
2024,2014-10-01,1.375
2025,2014-10-02,0.571429
2026,2014-10-03,2.041667
2027,2014-10-04,1.041667
2028,2014-10-05,1.666667
2029,2014-10-06,1.695652
2030,2014-10-07,1.5
2031,2014-10-08,1.958333
2032,2014-10-09,1.208333
2033,2014-10-10,1.458333
2034,2014-10-11,1.625
2035,2014-10-12,0.125
2036,2014-10-13,2.0
2037,2014-10-14,1.416667
2038,2014-10-15,1.625
2039,2014-10-16,0.583333
2040,2014-10-17,2.375
2041,2014-10-18,2.083333
2042,2014-10-19,2.208333
2043,2014-10-20,2.73913
2044,2014-10-21,1.375
2045,2014-10-22,2.333333
2046,2014-10-23,3.041667
2047,2014-10-24,3.541667
2048,2014-10-25,1.916667
2049,2014-10-26,0.333333
2050,2014-10-27,0.173913
2051,2014-10-28,2.208333
2052,2014-10-29,1.666667
2053,2014-10-30,2.375
2054,2014-10-31,3.041667
2055,2014-11-01,1.125
2056,2014-11-02,0.666667
2057,2014-11-03,1.7391299999999998
2058,2014-11-04,1.0
2059,2014-11-05,1.416667
2060,2014-11-06,3.208333
2061,2014-11-07,2.0
2062,2014-11-08,3.458333
2063,2014-11-09,0.166667
2064,2014-11-10,0.347826
2065,2014-11-11,0.208333
2066,2014-11-12,3.041667
2067,2014-11-13,3.083333
2068,2014-11-14,3.708333
2069,2014-11-15,1.25
2070,2014-11-16,2.625
2071,2014-11-17,5.173913
2072,2014-11-18,5.142857
2073,2014-11-19,6.5
2074,2014-11-20,6.125
2075,2014-11-21,6.3333330000000005
2076,2014-11-22,4.5
2077,2014-11-23,0.375
2078,2014-11-24,1.521739
2079,2014-11-25,1.666667
2080,2014-11-26,2.291667
2081,2014-11-27,2.0
2082,2014-11-28,2.041667
2083,2014-11-29,0.25
2084,2014-11-30,0.875
2085,2014-12-01,2.869565
2086,2014-12-02,3.333333
2087,2014-12-03,4.875
2088,2014-12-08,3.869565
2089,2014-12-09,3.916667
2090,2014-12-10,4.0
2091,2014-12-11,5.375
2092,2014-12-12,4.125
2093,2014-12-13,2.857143
2094,2014-12-14,1.0
2095,2014-12-15,5.728571
2096,2014-12-16,11.157169
2097,2014-12-17,4.552778
2098,2014-12-18,2.4520835000000005
2099,2014-12-19,3.3583335
2100,2014-12-20,3.8645835
2101,2014-12-21,1.958333
2102,2014-12-22,0.8695649999999999
2103,2014-12-23,0.541667
2104,2014-12-24,2.75
2105,2014-12-25,0.208333
2106,2014-12-26,1.375
2107,2014-12-27,1.625
2108,2014-12-28,1.708333
2109,2014-12-29,0.7723730000000001
2110,2014-12-30,4.9645835
2111,2014-12-31,3.79375
2112,2015-01-01,2.9625000000000004
2113,2015-01-02,5.8400360000000004
2114,2015-01-03,3.5229169999999996
2115,2015-01-04,6.0
2116,2015-01-05,3.9326085
2117,2015-01-06,3.764583
2118,2015-01-07,4.4229165
2119,2015-01-08,1.8166669999999996
2120,2015-01-09,7.483928499999999
2121,2015-01-10,5.737499999999999
2122,2015-01-11,3.9854165
2123,2015-01-12,3.0891305
2124,2015-01-13,3.23125
2125,2015-01-14,4.4729165
2126,2015-01-15,3.2125000000000004
2127,2015-01-16,2.746739
2128,2015-01-17,1.560417
2129,2015-01-18,0.977083
2130,2015-01-19,1.223551
2131,2015-01-20,1.9645830000000004
2132,2015-01-21,1.6937499999999999
2133,2015-01-22,5.408333000000001
2134,2015-01-23,2.348551
2135,2015-01-24,2.8958335
2136,2015-01-25,2.15625
2137,2015-01-26,2.5440215000000004
2138,2015-01-27,2.8354164999999996
2139,2015-01-28,2.308333
2140,2015-01-29,3.0833335
2141,2015-01-30,4.625
2142,2015-01-31,1.7437500000000004
2143,2015-02-01,2.0125
2144,2015-02-02,2.4748185000000005
2145,2015-02-03,1.8916664999999997
2146,2015-02-04,3.53125
2147,2015-02-05,2.7937499999999993
2148,2015-02-06,3.620158
2149,2015-02-07,1.2874999999999999
2150,2015-02-08,1.5812499999999998
2151,2015-02-09,3.83125
2152,2015-02-10,1.1354164999999998
2153,2015-02-11,2.25625
2154,2015-02-12,2.4791665
2155,2015-02-13,1.855435
2156,2015-02-14,5.4854164999999995
2157,2015-02-15,1.1208330000000002
2158,2015-02-16,0.954529
2159,2015-02-17,1.3229165
2160,2015-02-18,4.4229165
2161,2015-02-19,3.575
2162,2015-02-20,2.4440215
2163,2015-02-21,0.9979164999999999
2164,2015-02-22,1.5770830000000002
2165,2015-02-23,2.8307970000000005
2166,2015-02-24,2.479167
2167,2015-02-25,1.5632575
2168,2015-02-26,1.1391665
2169,2015-02-27,2.9210785
2170,2015-02-28,3.3375000000000004
2171,2015-03-01,2.26875
2172,2015-03-02,3.8934784999999996
2173,2015-03-03,0.166667
2174,2015-03-04,2.791667
2175,2015-03-05,3.0687499999999996
2176,2015-03-06,3.3599639999999997
2177,2015-03-07,4.429166500000001
2178,2015-03-08,3.2645835
2179,2015-03-09,2.2000905000000004
2180,2015-03-10,2.447917
2181,2015-03-11,5.3
2182,2015-03-12,1.5860609999999997
2183,2015-03-13,2.6912879999999997
2184,2015-03-14,5.641667
2185,2015-03-15,1.6791665
2186,2015-03-16,1.622029
2187,2015-03-17,1.5812500000000003
2188,2015-03-18,2.9208335
2189,2015-03-19,2.7074275
2190,2015-03-20,2.8482145
2191,2015-03-21,2.196377
2192,2015-03-22,1.132971
2193,2015-03-23,1.758696
2194,2015-03-24,0.584091
2195,2015-03-25,2.1366665
2196,2015-03-26,2.0739765
2197,2015-03-27,1.2289855
2198,2015-03-28,1.2437499999999997
2199,2015-03-29,2.0770835
2200,2015-03-30,2.0835145
2201,2015-03-31,2.9749999999999996
2202,2015-04-01,1.1958330000000001
2203,2015-04-02,2.5145835000000005
2204,2015-04-03,2.0090909999999997
2205,2015-04-04,4.1229165000000005
2206,2015-04-05,2.1875
2207,2015-04-06,2.065308
2208,2015-04-07,1.841667
2209,2015-04-08,1.5
2210,2015-04-09,1.5416664999999998
2211,2015-04-10,3.1016305000000006
2212,2015-04-11,2.720833
2213,2015-04-12,1.13125
2214,2015-04-13,3.0135870000000002
2215,2015-04-14,3.2958335
2216,2015-04-15,0.9375
2217,2015-04-16,0.8083335
2218,2015-04-17,1.256703
2219,2015-04-18,1.0270835
2220,2015-04-19,0.56875
2221,2015-04-20,1.3949274999999999
2222,2015-04-21,2.0333335
2223,2015-04-22,3.8645835
2224,2015-04-23,1.8645835000000002
2225,2015-04-24,1.639881
2226,2015-04-25,1.1854164999999999
2227,2015-04-26,0.8979165000000001
2228,2015-04-27,1.7959239999999999
2229,2015-04-28,3.4041665000000005
2230,2015-04-29,4.0270835
2231,2015-04-30,1.68125
2232,2015-05-01,2.772645
2233,2015-05-02,2.175
2234,2015-05-03,1.5604164999999999
2235,2015-05-04,1.6266305
2236,2015-05-05,1.6791665
2237,2015-05-06,0.9583335
2238,2015-05-07,0.775
2239,2015-05-08,1.1326085
2240,2015-05-09,0.7041665
2241,2015-05-10,0.54375
2242,2015-05-11,1.1534419999999999
2243,2015-05-12,4.954167
2244,2015-05-13,3.9666669999999993
2245,2015-05-14,2.8585145
2246,2015-05-15,1.4650359999999998
2247,2015-05-16,1.0604164999999999
2248,2015-05-17,0.6979165
2249,2015-05-18,0.8729165000000001
2250,2015-05-19,0.84375
2251,2015-05-20,0.9541665000000004
2252,2015-05-21,1.1625
2253,2015-05-22,1.2190215000000002
2254,2015-05-23,1.8083334999999998
2255,2015-05-24,1.1041665
2256,2015-05-25,0.58125
2257,2015-05-26,1.735417
2258,2015-05-27,2.020833
2259,2015-05-28,1.7145834999999998
2260,2015-05-29,0.9289854999999999
2261,2015-05-30,2.2375
2262,2015-05-31,2.40625
2263,2015-06-01,2.4652175
2264,2015-06-02,2.4291665
2265,2015-06-03,1.3645829999999999
2266,2015-06-04,1.9875000000000003
2267,2015-06-05,2.0847825
2268,2015-06-06,1.477083
2269,2015-06-07,1.5041665000000002
2270,2015-06-08,1.9262685000000004
2271,2015-06-09,1.6979164999999998
2272,2015-06-10,3.260417
2273,2015-06-11,1.2083335
2274,2015-06-12,2.3829709999999995
2275,2015-06-13,2.5479165
2276,2015-06-14,0.7458335
2277,2015-06-15,1.2721015000000002
2278,2015-06-16,1.8347225000000003
2279,2015-06-17,2.4916665
2280,2015-06-18,0.875
2281,2015-06-19,2.3159419999999997
2282,2015-06-20,1.1812500000000001
2283,2015-06-21,2.6354165
2284,2015-06-22,0.9211955000000001
2285,2015-06-23,1.9208335
2286,2015-06-24,2.4229165
2287,2015-06-25,2.3947915
2288,2015-06-26,0.458333
2289,2015-06-27,0.125
2290,2015-06-28,2.015278
2291,2015-06-29,2.103261
2292,2015-06-30,2.3833330000000004
2293,2015-07-01,3.8375
2294,2015-07-02,3.891667
2295,2015-07-03,4.843478
2296,2015-07-04,4.945833
2297,2015-07-05,3.208333
2298,2015-07-06,2.841667
2299,2015-07-07,5.620833
2300,2015-07-08,4.129167
2301,2015-07-09,5.033333
2302,2015-07-10,7.28125
2303,2015-07-11,4.658333
2304,2015-07-12,2.766667
2305,2015-07-13,3.441667
2306,2015-07-14,3.391304
2307,2015-07-15,3.9125
2308,2015-07-16,4.845
2309,2015-07-17,2.5333330000000003
2310,2015-07-20,2.905882
2311,2015-07-21,4.729167
2312,2015-07-22,3.975
2313,2015-07-23,4.6375
2314,2015-07-24,3.852174
2315,2015-07-25,4.820833
2316,2015-07-26,2.995833
2317,2015-07-27,4.854167
2318,2015-07-28,2.191667
2319,2015-07-29,2.5
2320,2015-07-30,2.958333
2321,2015-07-31,4.191304
2322,2015-08-01,5.725
2323,2015-08-02,4.079167
2324,2015-08-03,7.754167
2325,2015-08-04,3.8375
2326,2015-08-05,5.320833
2327,2015-08-06,3.536364
2328,2015-08-07,1.52
2329,2015-08-08,4.033333
2330,2015-08-09,3.425
2331,2015-08-10,3.791667
2332,2015-08-11,5.025
2333,2015-08-12,5.304167
2334,2015-08-13,3.0375
2335,2015-08-14,4.9909089999999985
2336,2015-08-15,4.852174
2337,2015-08-16,4.4583330000000005
2338,2015-08-17,3.841667
2339,2015-08-18,2.054167
2340,2015-08-19,3.741667
2341,2015-08-20,5.258333
2342,2015-08-21,4.513043
2343,2015-08-22,2.7125
2344,2015-08-23,5.183333
2345,2015-08-24,3.0375
2346,2015-08-25,3.904167
2347,2015-08-26,4.343478
2348,2015-08-27,2.108333
2349,2015-08-28,4.686957
2350,2015-08-29,6.416667
2351,2015-08-30,3.295
2352,2015-08-31,4.0625
2353,2015-09-01,5.908333
2354,2015-09-02,2.5125
2355,2015-09-03,3.979167
2356,2015-09-04,4.143478
2357,2015-09-05,4.0375
2358,2015-09-06,2.420833
2359,2015-09-07,5.016667
2360,2015-09-08,3.35
2361,2015-09-09,3.0933330000000003
2362,2015-09-10,3.0842110000000003
2363,2015-09-11,3.54
2364,2015-09-12,4.441667
2365,2015-09-13,2.941667
2366,2015-09-14,2.154167
2367,2015-09-15,1.491667
2368,2015-09-16,2.843478
2369,2015-09-17,3.854167
2370,2015-09-18,3.4260870000000003
2371,2015-09-19,5.358333
2372,2015-09-20,3.579167
2373,2015-09-21,6.479167
2374,2015-09-22,3.270833
2375,2015-09-23,2.55
2376,2015-09-24,4.054167
2377,2015-09-25,4.986957
2378,2015-09-26,7.970833
2379,2015-09-27,2.341667
2380,2015-09-28,2.333333
2381,2015-09-29,4.670833
2382,2015-09-30,6.075
2383,2015-10-01,5.091667
2384,2015-10-02,3.082609
2385,2015-10-03,3.558333
2386,2015-10-04,3.016667
2387,2015-10-05,7.425
2388,2015-10-06,5.166667
2389,2015-10-07,5.291667
2390,2015-10-08,2.933333
2391,2015-10-09,9.8
2392,2015-10-10,3.3875
2393,2015-10-11,1.7541669999999998
2394,2015-10-12,3.141667
2395,2015-10-13,1.595833
2396,2015-10-14,2.7125
2397,2015-10-15,3.770833
2398,2015-10-16,6.778261
2399,2015-10-17,5.695833
2400,2015-10-18,2.429167
2401,2015-10-19,5.845833
2402,2015-10-20,2.604167
2403,2015-10-21,2.114286
2404,2015-10-22,3.170833
2405,2015-10-23,1.813043
2406,2015-10-24,8.329167
2407,2015-10-25,6.858333
2408,2015-10-26,6.7625
2409,2015-10-27,2.019048
2410,2015-10-28,2.066667
2411,2015-10-29,6.7083330000000005
2412,2015-10-30,1.852174
2413,2015-10-31,1.308696
2414,2015-11-01,2.491304
2415,2015-11-02,7.273913
2416,2015-11-03,8.8875
2417,2015-11-04,1.8
2418,2015-11-05,1.429167
2419,2015-11-06,2.565217
2420,2015-11-07,13.229167000000002
2421,2015-11-08,4.1272730000000015
2422,2015-11-09,8.220833
2423,2015-11-10,4.1347830000000005
2424,2015-11-11,0.9625
2425,2015-11-12,2.756522
2426,2015-11-13,13.108332999999998
2427,2015-11-14,9.795652
2428,2015-11-15,6.195652
2429,2015-11-16,3.326087
2430,2015-11-17,0.921739
2431,2015-11-18,1.178261
2432,2015-11-19,12.166667
2433,2015-11-20,2.304348
2434,2015-11-21,3.6125
2435,2015-11-22,2.127273
2436,2015-11-23,9.191667
2437,2015-11-24,11.413043
2438,2015-11-25,4.120833
2439,2015-11-26,1.043478
2440,2015-11-27,3.483333
2441,2015-11-28,7.273913
2442,2015-11-29,8.669564999999999
2443,2015-11-30,1.921739
2444,2015-12-01,0.9375
2445,2015-12-02,2.73
2446,2015-12-03,10.465217
2447,2015-12-04,12.965217
2448,2015-12-05,1.7375
2449,2015-12-06,9.690909
2450,2015-12-07,1.341667
2451,2015-12-08,0.926087
2452,2015-12-09,0.8
2453,2015-12-10,6.159091
2454,2015-12-11,2.785714
2455,2015-12-12,1.786957
2456,2015-12-13,6.604348
2457,2015-12-14,10.695652
2458,2015-12-15,0.979167
2459,2015-12-16,2.426087
2460,2015-12-17,10.3625
2461,2015-12-18,1.513043
2462,2015-12-19,12.516667
2463,2015-12-20,3.054545
2464,2015-12-21,4.475
2465,2015-12-22,4.921739
2466,2015-12-23,1.445833
2467,2015-12-24,6.6869570000000005
2468,2015-12-25,11.641667
2469,2015-12-26,1.447826
2470,2015-12-27,9.456522
2471,2015-12-28,13.2
2472,2015-12-29,10.045833
2473,2015-12-30,7.047826
2474,2015-12-31,2.4458330000000004
2475,2016-01-01,1.6695650000000002
2476,2016-01-02,3.370833
2477,2016-01-03,13.509091
2478,2016-01-04,16.195833
2479,2016-01-05,4.491304
2480,2016-01-06,10.291667
2481,2016-01-07,5.678261
2482,2016-01-08,4.85
2483,2016-01-09,12.152174
2484,2016-01-10,3.647826
2485,2016-01-11,3.017391
2486,2016-01-12,1.941667
2487,2016-01-13,2.186957
2488,2016-01-14,1.295833
2489,2016-01-15,1.878261
2490,2016-01-16,1.6375
2491,2016-01-17,3.395455
2492,2016-01-18,1.570833
2493,2016-01-19,6.395652
2494,2016-01-20,1.786957
2495,2016-01-21,1.745455
2496,2016-01-22,11.5375
2497,2016-01-23,6.395652
2498,2016-01-24,2.417391
2499,2016-01-25,0.947826
2500,2016-01-26,2.995833
2501,2016-01-27,1.556522
2502,2016-01-28,1.4375
2503,2016-01-29,2.06087
2504,2016-01-30,2.004167
2505,2016-01-31,1.090909
2506,2016-02-01,1.429167
2507,2016-02-02,0.8782610000000001
2508,2016-02-03,1.583333
2509,2016-02-04,1.273913
2510,2016-02-05,1.254167
2511,2016-02-06,0.895652
2512,2016-02-07,0.969565
2513,2016-02-08,0.808696
2514,2016-02-09,0.954167
2515,2016-02-10,0.943478
2516,2016-02-11,1.1625
2517,2016-02-12,10.2
2518,2016-02-13,2.854167
2519,2016-02-14,1.186364
2520,2016-02-15,0.8875
2521,2016-02-16,2.421739
2522,2016-02-17,11.7125
2523,2016-02-18,3.795652
2524,2016-02-19,2.795833
2525,2016-02-20,1.7652169999999998
2526,2016-02-21,3.8
2527,2016-02-22,2.190909
2528,2016-02-23,1.008333
2529,2016-02-24,1.13913
2530,2016-02-25,9.641667
2531,2016-02-26,4.465217
2532,2016-02-27,1.45
2533,2016-02-28,1.254545
2534,2016-02-29,0.9875
2535,2016-03-01,1.195652
2536,2016-03-02,0.870833
2537,2016-03-03,3.5173910000000004
2538,2016-03-04,3.429167
2539,2016-03-05,12.630435
2540,2016-03-06,1.826087
2541,2016-03-07,3.023529
2542,2016-03-08,2.089474
2543,2016-03-09,6.094118
2544,2016-03-11,5.465217
2545,2016-03-12,3.975
2546,2016-03-13,1.295455
2547,2016-03-14,5.108333
2548,2016-03-15,0.773913
2549,2016-03-16,1.404167
2550,2016-03-17,1.234783
2551,2016-03-18,1.2625
2552,2016-03-19,1.530435
2553,2016-03-20,7.478261
2554,2016-03-21,2.356522
2555,2016-03-22,4.825
2556,2016-03-23,1.273913
2557,2016-03-24,2.2125
2558,2016-03-25,1.626087
2559,2016-03-26,3.758333
2560,2016-03-27,4.277273
2561,2016-03-28,8.317391
2562,2016-03-29,2.564706
2563,2016-03-30,1.083333
2564,2016-03-31,0.93913
